Title,Date
"Casamento às Cegas: Japão: Temporada 1: Ajoelhando-se novamente","22/06/2024"
"Saiki Kusuo no Psi-nan: Temporada 1: Episódio 5","22/06/2024"
"Saiki Kusuo no Psi-nan: Temporada 1: Episódio 1","22/06/2024"
"Os Segredos dos Neandertais","18/06/2024"
"O Gabinete de Curiosidades de Guillermo del Toro: Temporada 1: Lote 36","17/06/2024"
"O Problema dos 3 Corpos: Temporada 1: Barreira","01/06/2024"
"O Problema dos 3 Corpos: Temporada 1: Apenas avance","01/06/2024"
"O Problema dos 3 Corpos: Temporada 1: Estrelas, o Nosso Destino","01/06/2024"
"O Problema dos 3 Corpos: Temporada 1: Juízo Final","01/06/2024"
"O Problema dos 3 Corpos: Temporada 1: Nosso Senhor","01/06/2024"
"O Problema dos 3 Corpos: Temporada 1: Destruidor de Mundos","01/06/2024"
"Dentro da Mente de um Gato","31/05/2024"
"M-8: Quando a morte socorre a vida","31/05/2024"
"Move: Temporada 1: Akram Khan","31/05/2024"
"Confia em mim","31/05/2024"
"Ruído Branco","31/05/2024"
"O Problema dos 3 Corpos: Temporada 1: Costa Vermelha","26/05/2024"
"O Problema dos 3 Corpos: Temporada 1: Contagem regressiva","26/05/2024"
"BARDO, Falsa Crônica de Algumas Verdades","26/05/2024"
"A Vida dos Leopardos","26/05/2024"
"O Conde","25/05/2024"
"RIPLEY: Minissérie: VIII – NARCISSUS","11/05/2024"
"RIPLEY: Minissérie: VII – ENTRETENIMENTO MACABRO","11/05/2024"
"RIPLEY: Minissérie: VI – ALGUM INSTRUMENTO PESADO","10/05/2024"
"RIPLEY: Minissérie: V – LUCIO","10/05/2024"
"RIPLEY: Minissérie: IV – LA DOLCE VITA","08/05/2024"
"RIPLEY: Minissérie: III – SOMMERSO","08/05/2024"
"RIPLEY: Minissérie: II – SETE MISERICÓRDIAS","02/05/2024"
"RIPLEY: Minissérie: I – UM HOMEM DIFÍCIL DE ENCONTRAR","01/05/2024"
"Anna: O Perigo Tem Nome","01/05/2024"
"Chamas da Vingança","01/05/2024"
"Um Tira da Pesada 2","01/05/2024"
"Ex_Machina - Instinto Artificial","01/05/2024"
"O Alpinista","01/05/2024"
"Noite Passada em Soho","01/05/2024"
"Quatro Dias Com Ela","01/05/2024"
"Arcane: Temporada 1: Entrando na brincadeira","30/03/2024"
"Troia: A Queda de Uma Cidade: Temporada 1: Sangue negro","16/03/2024"
"Move: Temporada 1: Kimiko e Versatile","29/02/2024"
"Move: Temporada 1: Israel Galván","23/02/2024"
"Seleção Artificial: Minissérie: A próxima geração","21/02/2024"
"Sly","20/02/2024"
"Samurai de Olhos Azuis: Temporada 1: Impurezas","20/02/2024"
"Move: Temporada 1: Ohad Naharin","17/02/2024"
"Seleção Artificial: Minissérie: Mudar uma espécie inteira","17/02/2024"
"Arnold: Minissérie: Parte 3: Americano","17/02/2024"
"Arnold: Minissérie: Parte 2: Ator","14/02/2024"
"Arnold: Minissérie: Parte 1: Atleta","13/02/2024"
"Alexandre: O Nascimento de um Deus: Temporada 1: Um mundo a conquistar","12/02/2024"
"Alexandre: O Nascimento de um Deus: Temporada 1: O deus vivo","12/02/2024"
"Seleção Artificial: Minissérie: Os pioneiros","12/02/2024"
"Seleção Artificial: Minissérie: Editando a vida","11/02/2024"
"Top Gun: Maverick","11/02/2024"
"Alexandre: O Nascimento de um Deus: Temporada 1: O império dourado","11/02/2024"
"Alexandre: O Nascimento de um Deus: Temporada 1: Cara a cara","11/02/2024"
"Move: Temporada 1: Jon Boogz e Lil Buck","10/02/2024"
"Alexandre: O Nascimento de um Deus: Temporada 1: Morte ou vitória","10/02/2024"
"Alexandre: O Nascimento de um Deus: Temporada 1: O menino-rei","10/02/2024"
"Fuja","08/02/2024"
"A Sociedade da Neve","02/02/2024"
"Maestro","18/01/2024"
"Fungos Fantásticos","12/01/2024"
"Viajo porque preciso, volto porque te amo","15/12/2023"
"Explorando o Desconhecido: Caverna de Ossos","15/12/2023"
"O Rei dos Clones","15/12/2023"
"A Bailarina","21/10/2023"
"Rainha Cleópatra: Minissérie: Rivais","08/10/2023"
"Uma Viagem ao Infinito","08/10/2023"
"Camaleões","01/10/2023"
"Corpo Humano: Nosso Mundo Interior: Minissérie: Reações","01/10/2023"
"Black Mirror: Temporada 6: Mazey Day","18/09/2023"
"Black Mirror: Temporada 6: Loch Henry","17/09/2023"
"Quem é a Loba?: Temporada 1: O que é o amor?","03/09/2023"
"De Tirar o Fôlego","03/09/2023"
"Como Se Tornar um Líder de Seita: Temporada 1: Controle sua imagem","26/08/2023"
"Como Se Tornar um Líder de Seita: Temporada 1: Prometa a eternidade","26/08/2023"
"Como Se Tornar um Líder de Seita: Temporada 1: Molde suas mentes","25/08/2023"
"Como Se Tornar um Líder de Seita: Temporada 1: Aumente seu rebanho","25/08/2023"
"Como Se Tornar um Líder de Seita: Temporada 1: Construa sua base","25/08/2023"
"Black Mirror: Temporada 6: A Joan é péssima","15/07/2023"
"Dois caras legais","10/06/2023"
"Orgasmos à Venda: O Lado Sombrio da OneTaste","10/06/2023"
"Casamento às Cegas: Japão: Temporada 1: Morando juntos","16/04/2023"
"Casamento às Cegas: Japão: Temporada 1: Fins e começos","07/04/2023"
"Casamento às Cegas: Japão: Temporada 1: Enfim, sós!","01/04/2023"
"Pornhub: Sexo Bilionário","15/03/2023"
"Casamento às Cegas: Japão: Temporada 1: Quando você tocou meu coração","08/03/2023"
"Casamento às Cegas: Japão: Temporada 1: Labirinto do amor","08/03/2023"
"Casamento às Cegas: Japão: Temporada 1: Prazer em conhecer, amor da minha vida","05/03/2023"
"Casamento às Cegas: Japão: Temporada 1: Amor... do outro lado da parede","05/03/2023"
"A Batalha dos 100: Temporada 1: Uma punição cruel","26/02/2023"
"A Batalha dos 100: Temporada 1: A possibilidade do impossível","26/02/2023"
"A Batalha dos 100: Temporada 1: O peso da sobrevivência","26/02/2023"
"A Batalha dos 100: Temporada 1: Visitas indesejadas","26/02/2023"
"A Batalha dos 100: Temporada 1: Os azarões","24/02/2023"
"A Batalha dos 100: Temporada 1: Evite se for capaz","24/02/2023"
"A Batalha dos 100: Temporada 1: A hierarquia","24/02/2023"
"Revelações Pré-históricas: Temporada 1: Cataclismo e renascimento","05/02/2023"
"Revelações Pré-históricas: Temporada 1: Um inverno fatal","05/02/2023"
"Até que a fuga os separe","03/02/2023"
"Ela","03/02/2023"
"Glass Onion: Um Mistério Knives Out","29/01/2023"
"Revelações Pré-históricas: Temporada 1: A civilização perdida dos EUA","29/01/2023"
"Certas Pessoas","29/01/2023"
"Revelações Pré-históricas: Temporada 1: Legado dos sábios","19/01/2023"
"Revelações Pré-históricas: Temporada 1: Fantasmas de um mundo submerso","18/01/2023"
"Revelações Pré-históricas: Temporada 1: Sirius em ascensão","16/01/2023"
"Revelações Pré-históricas: Temporada 1: Sobrevivente em meio ao caos","05/01/2023"
"Bárbaros: Barbarians II: Novas legiões","30/12/2022"
"Racionais: Das Ruas de São Paulo Pro Mundo","21/11/2022"
"Revelações Pré-históricas: Temporada 1: Era uma vez um dilúvio","20/11/2022"
"Entergalactic","20/11/2022"
"O Diário do Pescador","12/05/2022"
"Coded Bias","08/05/2022"
"As Maiores Incógnitas","08/05/2022"
"Granizo","15/04/2022"
"O Homem Água","27/02/2022"
"Inferno","25/02/2022"
"O plano perfeito","21/02/2022"
"Amor para Recomeçar: Temporada 1: Contas a pagar","13/02/2022"
"Amor para Recomeçar: Temporada 1: Vamos voltar","13/02/2022"
"A Noite do Fogo","05/02/2022"
"O Violino do Meu Pai","05/02/2022"
"Cidade Pássaro","25/01/2022"
"Whindersson Nunes: Adulto","14/01/2022"
"Lugar de Mulher: Temporada 1: Cintia Rosini","14/01/2022"
"Não Olhe para Cima","09/01/2022"
"HOMECOMING A film by Beyoncé","02/01/2022"
"The Forty-Year-Old Version","25/12/2021"
"Pose: Temporada 2: Nunca conheci um amor assim","08/12/2021"
"Pose: Temporada 2: Coragem","08/12/2021"
"Ferida","02/12/2021"
"Marcados: Tradições da Nigéria","28/11/2021"
"Sankofa - A África Que Te Habita: Season 1: Episode 10","28/11/2021"
"Virunga","17/11/2021"
"A Arte da Autodefesa","16/11/2021"
"A Vida Secreta de Zoe","21/10/2021"
"Procura-se Emprego","20/10/2021"
"Quem Quer Casar com Isoken?","19/10/2021"
"Colônia Dignidade: Uma Seita Nazista no Chile: Temporada 1: A queda","18/10/2021"
"Colônia Dignidade: Uma Seita Nazista no Chile: Temporada 1: O intocável","17/10/2021"
"Colônia Dignidade: Uma Seita Nazista no Chile: Temporada 1: Um pacto com o diabo","17/10/2021"
"Colônia Dignidade: Uma Seita Nazista no Chile: Temporada 1: O fantasma do comunismo","17/10/2021"
"Colônia Dignidade: Uma Seita Nazista no Chile: Temporada 1: A terra prometida","17/10/2021"
"Colônia Dignidade: Uma Seita Nazista no Chile: Temporada 1: A missão","17/10/2021"
"Pose: Temporada 2: Borboleta e casulo","16/10/2021"
"Sergio","09/10/2021"
"Pose: Temporada 2: Valorizar","08/10/2021"
"Trabalho interno","08/10/2021"
"ReMastered: Massacre no Estádio","07/10/2021"
"Jasão e os Argonautas","05/10/2021"
"Sankofa - A África Que Te Habita: Season 1: Episode 9","04/10/2021"
"Sankofa - A África Que Te Habita: Season 1: Episode 8","03/10/2021"
"Paraíso Perdido","22/09/2021"
"Amores Brutos","21/09/2021"
"O Segredo do Templo: Temporada 3: Episódio 5","19/09/2021"
"Oprah Apresenta: Olhos que Condenam","19/09/2021"
"Olhos que Condenam: Minissérie: Parte 4","19/09/2021"
"Olhos que Condenam: Minissérie: Parte 3","19/09/2021"
"Olhos que Condenam: Minissérie: Parte 2","18/09/2021"
"Olhos que Condenam: Minissérie: Parte 1","18/09/2021"
"Infiltrado na Klan","17/09/2021"
"O Segredo do Templo: Temporada 3: Episódio 4","14/09/2021"
"O Segredo do Templo: Temporada 3: Episódio 3","14/09/2021"
"O Segredo do Templo: Temporada 3: Episódio 2","13/09/2021"
"O Segredo do Templo: Temporada 3: Episódio 1","13/09/2021"
"Laerte-se","05/09/2021"
"Pose: Temporada 1: Diva do Ano","03/09/2021"
"Pose: Temporada 1: Despejados","28/08/2021"
"Pose: Temporada 1: O amor é o caminho","28/08/2021"
"Pose: Temporada 1: Dia das Mães","25/08/2021"
"Pose: Temporada 1: Febre","22/08/2021"
"Pose: Temporada 1: Dando e recebendo","19/08/2021"
"Pose: Temporada 1: Entrada","17/08/2021"
"Pose: Temporada 1: Piloto","10/08/2021"
"Ares: Temporada 1: Episódio 3","01/08/2021"
"Ares: Temporada 1: Episódio 2","01/08/2021"
"Ares: Temporada 1: Episódio 1","01/08/2021"
"Mundo Duplo","01/08/2021"
"Boi neon","31/07/2021"
"Visita ao Inferno","31/07/2021"
"Sex/Life: Temporada 1: As esposas estão em Connecticut","22/07/2021"
"Sankofa - A África Que Te Habita: Season 1: Episode 7","22/07/2021"
"Sankofa - A África Que Te Habita: Season 1: Episode 6","22/07/2021"
"Permanência","18/07/2021"
"De volta à lagoa azul","17/07/2021"
"Emicida: AmarElo - É Tudo Pra Ontem","14/07/2021"
"O Discípulo","13/07/2021"
"A Escavação","10/07/2021"
"O primeiro mentiroso","10/07/2021"
"Indústria Americana","08/07/2021"
"Malcolm & Marie","13/06/2021"
"XXY","15/05/2021"
"Império Romano: Júlio César: O Senhor de Roma: Idos de março","03/05/2021"
"Império Romano: Júlio César: O Senhor de Roma: Rainha do Nilo","03/05/2021"
"Império Romano: Júlio César: O Senhor de Roma: Atravessando o Rubicão","02/05/2021"
"Império Romano: Júlio César: O Senhor de Roma: O grande conquistador","02/05/2021"
"Império Romano: Júlio César: O Senhor de Roma: O Triunvirato","02/05/2021"
"ROMA","02/05/2021"
"Sankofa - A África Que Te Habita: Season 1: Episode 5","19/04/2021"
"The Square","12/04/2021"
"The Last Shaman","10/04/2021"
"City of Joy - Onde Vive a Esperança","07/04/2021"
"Sankofa - A África Que Te Habita: Season 1: Episode 4","05/04/2021"
"Sankofa - A África Que Te Habita: Season 1: Episode 3","05/04/2021"
"Sankofa - A África Que Te Habita: Season 1: Episode 2","05/04/2021"
"Sankofa - A África Que Te Habita: Season 1: Episode 1","02/04/2021"
"Filhos de Istambul","01/04/2021"
"Febre do Rato","01/04/2021"
"Um Novo Capitalismo","24/03/2021"
"Quanto Tempo o Tempo Tem","24/03/2021"
"Como o Cérebro Cria","06/03/2021"
"Cinema, Aspirinas e Urubus","03/03/2021"
"A Febre","01/03/2021"
"Eu, Daniel Blake","14/02/2021"
"Estou Me Guardando Para Quando O Carnaval Chegar","13/02/2021"
"O Dilema de Aziz","12/02/2021"
"Roman J. Israel","09/02/2021"
"Califado: Temporada 1: Episódio 8","01/02/2021"
"Califado: Temporada 1: Episódio 7","01/02/2021"
"Califado: Temporada 1: Episódio 6","01/02/2021"
"Califado: Temporada 1: Episódio 5","30/01/2021"
"Califado: Temporada 1: Episódio 4","30/01/2021"
"Amor no Espectro - Austrália: Temporada 1: Episódio 2","29/01/2021"
"Amor no Espectro - Austrália: Temporada 1: Episódio 1","28/01/2021"
"Califado: Temporada 1: Episódio 3","28/01/2021"
"Califado: Temporada 1: Episódio 2","27/01/2021"
"Califado: Temporada 1: Episódio 1","27/01/2021"
"Colombiana - em busca de vingança","26/01/2021"
"A última tentação de Cristo","15/01/2021"
"8 em Istambul: Temporada 1: Episódio 8","14/01/2021"
"8 em Istambul: Temporada 1: Episódio 7","14/01/2021"
"8 em Istambul: Temporada 1: Episódio 6","14/01/2021"
"8 em Istambul: Temporada 1: Episódio 5","12/01/2021"
"O Que Ficou Para Trás","11/01/2021"
"Beynelmilel","11/01/2021"
"Matrix Reloaded","11/01/2021"
"8 em Istambul: Temporada 1: Episódio 4","11/01/2021"
"IO","10/01/2021"
"8 em Istambul: Temporada 1: Episódio 3","10/01/2021"
"Agnus Dei","09/01/2021"
"8 em Istambul: Temporada 1: Episódio 2","09/01/2021"
"8 em Istambul: Temporada 1: Episódio 1","09/01/2021"
"Away: Temporada 1: Em casa","08/01/2021"
"Away: Temporada 1: Spektr","08/01/2021"
"Away: Temporada 1: Sinais vitais","08/01/2021"
"Away: Temporada 1: Boa noite, Marte","08/01/2021"
"Os Segredos de Saqqara","07/01/2021"
"Expresso do Destino","06/01/2021"
"Incir Receli 2","06/01/2021"
"Away: Temporada 1: Fé","06/01/2021"
"Bárbaros: A batalha","06/01/2021"
"Bárbaros: Traição","05/01/2021"
"The Old Guard","05/01/2021"
"Bárbaros: Um novo reik","05/01/2021"
"Bárbaros: Tempo de decisões","05/01/2021"
"Away: Temporada 1: Cachorros espaciais","05/01/2021"
"Away: Temporada 1: Calafrios","04/01/2021"
"Os 12 macacos","04/01/2021"
"Bárbaros: Vingança","04/01/2021"
"Bárbaros: O lobo e a águia","03/01/2021"
"O Céu da Meia-Noite","29/12/2020"
"Away: Temporada 1: Metade do céu","28/12/2020"
"Away: Temporada 1: Retorno negativo","28/12/2020"
"Away: Temporada 1: Contagem regressiva","27/12/2020"
"Os Caçadores da Arca Perdida","24/12/2020"
"O Poço","20/12/2020"
"Afronta!: Season 1: Loo Nascimento","20/12/2020"
"Matrix Revolutions","27/11/2020"
"A Origem","21/11/2020"
"Power","19/11/2020"
"Dunkirk","16/11/2020"
"Noé","08/11/2020"
"Blade Runner 2049","07/11/2020"
"Matrix","03/11/2020"
"3%: Temporada 2: Capítulo 9: Colar","24/10/2020"
"Neve Negra","18/10/2020"
"O Segredo do Templo: Temporada 2: Episódio 8","16/10/2020"
"O Segredo do Templo: Temporada 2: Episódio 7","16/10/2020"
"Bom Dia, Verônica: Temporada 1: Bom Dia, Verônica","12/10/2020"
"O Segredo do Templo: Temporada 2: Episódio 6","09/10/2020"
"O Segredo do Templo: Temporada 2: Episódio 5","09/10/2020"
"A Cidade Onde Envelheço","09/10/2020"
"Destacamento Blood","04/10/2020"
"Dear Ex","03/10/2020"
"Ya no estoy aquí","03/10/2020"
"O Segredo do Templo: Temporada 2: Episódio 4","01/10/2020"
"O Segredo do Templo: Temporada 2: Episódio 3","23/09/2020"
"O Segredo do Templo: Temporada 2: Episódio 2","23/09/2020"
"O Segredo do Templo: Temporada 2: Episódio 1","21/09/2020"
"Estou pensando em acabar com tudo","20/09/2020"
"O Dilema das Redes","14/09/2020"
"Black Mirror: Temporada 5: Rachel, Jack e Ashley Too","13/09/2020"
"Black Mirror: Temporada 5: Smithereens","09/09/2020"
"Black Mirror: Temporada 5: Striking Vipers","08/09/2020"
"V de vingança","08/09/2020"
"Histórias que nosso cinema (não) contava","07/09/2020"
"3%: Temporada 2: Capítulo 08: Sapos","04/09/2020"
"3%: Temporada 2: Capítulo 07: Névoa","03/09/2020"
"3%: Temporada 2: Capítulo 06: Garrafas","02/09/2020"
"3%: Temporada 2: Capítulo 05: Lampião","02/09/2020"
"3%: Temporada 2: Capítulo 04: Guardanapo","29/08/2020"
"3%: Temporada 2: Capítulo 03: Estática","28/08/2020"
"3%: Temporada 2: Capítulo 02: Torradeira","28/08/2020"
"3%: Temporada 2: Capítulo 1: Espelho","28/08/2020"
"Encontros e desencontros","26/08/2020"
"Onisciente: Temporada 1: Não esquece que eu estou de olho","26/08/2020"
"Onisciente: Temporada 1: Abre essa porta","26/08/2020"
"Onisciente: Temporada 1: Quem quer mergulhar primeiro?","26/08/2020"
"Onisciente: Temporada 1: A nossa caixa de pandora","24/08/2020"
"Onisciente: Temporada 1: Uma pessoa boa que fez uma coisa horrível","24/08/2020"
"Onisciente: Temporada 1: Eu cometi um crime","23/08/2020"
"Miles Davis, Inventor do Cool","23/08/2020"
"Monty Python em Busca do Cálice Sagrado","23/08/2020"
"Sintonia: Temporada 1: Segunda Chance","04/08/2020"
"Sintonia: Temporada 1: Fiz uma pro crime","04/08/2020"
"Sintonia: Temporada 1: Pegaram a Cacau","04/08/2020"
"Atypical: Temporada 1: Um cheiro agradável e neutro","01/08/2020"
"Atypical: Temporada 1: A Julia que disse","31/07/2020"
"Atypical: Temporada 1: Uma fêmea humana","31/07/2020"
"Atypical: Temporada 1: Antártida","31/07/2020"
"O Grande Guerreiro Otomano: Temporada 4: Episódio 90","20/07/2020"
"O Grande Guerreiro Otomano: Temporada 4: Episódio 89","19/07/2020"
"O Grande Guerreiro Otomano: Temporada 4: Episódio 88","19/07/2020"
"O Grande Guerreiro Otomano: Temporada 4: Episódio 87","19/07/2020"
"O Grande Guerreiro Otomano: Temporada 4: Episódio 86","19/07/2020"
"Depois que o Pornô Acaba 3","14/07/2020"
"O Grande Guerreiro Otomano: Temporada 4: Episódio 85","14/07/2020"
"O Grande Guerreiro Otomano: Temporada 4: Episódio 84","13/07/2020"
"O Grande Guerreiro Otomano: Temporada 4: Episódio 83","13/07/2020"
"O Sonho de uma Casa","10/07/2020"
"O Grande Guerreiro Otomano: Temporada 4: Episódio 82","08/07/2020"
"O Grande Guerreiro Otomano: Temporada 4: Episódio 81","08/07/2020"
"O Grande Guerreiro Otomano: Temporada 4: Episódio 80","07/07/2020"
"O Grande Guerreiro Otomano: Temporada 4: Episódio 79","07/07/2020"
"O Grande Guerreiro Otomano: Temporada 4: Episódio 78","06/07/2020"
"O Grande Guerreiro Otomano: Temporada 4: Episódio 77","05/07/2020"
"O Grande Guerreiro Otomano: Temporada 4: Episódio 76","05/07/2020"
"O Grande Guerreiro Otomano: Temporada 4: Episódio 75","04/07/2020"
"O Grande Guerreiro Otomano: Temporada 4: Episódio 74","03/07/2020"
"O Grande Guerreiro Otomano: Temporada 4: Episódio 73","02/07/2020"
"O Grande Guerreiro Otomano: Temporada 4: Episódio 72","02/07/2020"
"O Grande Guerreiro Otomano: Temporada 4: Episódio 71","01/07/2020"
"O Grande Guerreiro Otomano: Temporada 4: Episódio 70","01/07/2020"
"O Grande Guerreiro Otomano: Temporada 4: Episódio 69","01/07/2020"
"O Grande Guerreiro Otomano: Temporada 4: Episódio 68","01/07/2020"
"O Grande Guerreiro Otomano: Temporada 4: Episódio 67","29/06/2020"
"O Grande Guerreiro Otomano: Temporada 4: Episódio 66","29/06/2020"
"O Grande Guerreiro Otomano: Temporada 4: Episódio 65","28/06/2020"
"O Grande Guerreiro Otomano: Temporada 4: Episódio 64","28/06/2020"
"O Grande Guerreiro Otomano: Temporada 4: Episódio 63","28/06/2020"
"O Grande Guerreiro Otomano: Temporada 4: Episódio 62","27/06/2020"
"O Grande Guerreiro Otomano: Temporada 4: Episódio 61","27/06/2020"
"Batman - O Cavaleiro das Trevas Ressurge","26/06/2020"
"O Grande Guerreiro Otomano: Temporada 4: Episódio 60","25/06/2020"
"O Grande Guerreiro Otomano: Temporada 4: Episódio 59","25/06/2020"
"O Grande Guerreiro Otomano: Temporada 4: Episódio 58","25/06/2020"
"O Grande Guerreiro Otomano: Temporada 4: Episódio 57","25/06/2020"
"O Grande Guerreiro Otomano: Temporada 4: Episódio 56","24/06/2020"
"O Grande Guerreiro Otomano: Temporada 4: Episódio 55","24/06/2020"
"O Grande Guerreiro Otomano: Temporada 4: Episódio 54","23/06/2020"
"O Grande Guerreiro Otomano: Temporada 4: Episódio 53","23/06/2020"
"O Grande Guerreiro Otomano: Temporada 4: Episódio 52","23/06/2020"
"O Grande Guerreiro Otomano: Temporada 4: Episódio 51","22/06/2020"
"O Grande Guerreiro Otomano: Temporada 4: Episódio 50","22/06/2020"
"O Grande Guerreiro Otomano: Temporada 4: Episódio 49","22/06/2020"
"O Grande Guerreiro Otomano: Temporada 4: Episódio 48","21/06/2020"
"O Grande Guerreiro Otomano: Temporada 4: Episódio 47","21/06/2020"
"O Grande Guerreiro Otomano: Temporada 4: Episódio 46","21/06/2020"
"O Grande Guerreiro Otomano: Temporada 4: Episódio 45","20/06/2020"
"O Grande Guerreiro Otomano: Temporada 4: Episódio 44","20/06/2020"
"O Grande Guerreiro Otomano: Temporada 4: Episódio 43","20/06/2020"
"O Grande Guerreiro Otomano: Temporada 4: Episódio 42","19/06/2020"
"O Grande Guerreiro Otomano: Temporada 4: Episódio 41","19/06/2020"
"O Grande Guerreiro Otomano: Temporada 4: Episódio 40","18/06/2020"
"O Grande Guerreiro Otomano: Temporada 4: Episódio 39","17/06/2020"
"O Grande Guerreiro Otomano: Temporada 4: Episódio 38","17/06/2020"
"O Grande Guerreiro Otomano: Temporada 4: Episódio 37","16/06/2020"
"O Grande Guerreiro Otomano: Temporada 4: Episódio 36","16/06/2020"
"O Grande Guerreiro Otomano: Temporada 4: Episódio 35","16/06/2020"
"O Grande Guerreiro Otomano: Temporada 4: Episódio 34","16/06/2020"
"O Grande Guerreiro Otomano: Temporada 4: Episódio 33","15/06/2020"
"O Grande Guerreiro Otomano: Temporada 4: Episódio 32","15/06/2020"
"O Grande Guerreiro Otomano: Temporada 4: Episódio 31","15/06/2020"
"O Grande Guerreiro Otomano: Temporada 4: Episódio 30","15/06/2020"
"O Grande Guerreiro Otomano: Temporada 4: Episódio 29","15/06/2020"
"O Grande Guerreiro Otomano: Temporada 4: Episódio 28","14/06/2020"
"O Grande Guerreiro Otomano: Temporada 4: Episódio 27","14/06/2020"
"O Grande Guerreiro Otomano: Temporada 4: Episódio 26","14/06/2020"
"O Grande Guerreiro Otomano: Temporada 4: Episódio 25","14/06/2020"
"O Grande Guerreiro Otomano: Temporada 4: Episódio 24","13/06/2020"
"O Grande Guerreiro Otomano: Temporada 4: Episódio 23","13/06/2020"
"O Grande Guerreiro Otomano: Temporada 4: Episódio 22","13/06/2020"
"O Grande Guerreiro Otomano: Temporada 4: Episódio 21","13/06/2020"
"O Grande Guerreiro Otomano: Temporada 4: Episódio 20","12/06/2020"
"O Grande Guerreiro Otomano: Temporada 4: Episódio 19","12/06/2020"
"O Grande Guerreiro Otomano: Temporada 4: Episódio 18","12/06/2020"
"O Grande Guerreiro Otomano: Temporada 4: Episódio 17","12/06/2020"
"O Grande Guerreiro Otomano: Temporada 4: Episódio 16","12/06/2020"
"O Grande Guerreiro Otomano: Temporada 4: Episódio 15","11/06/2020"
"O Grande Guerreiro Otomano: Temporada 4: Episódio 14","11/06/2020"
"O Grande Guerreiro Otomano: Temporada 4: Episódio 13","11/06/2020"
"O Grande Guerreiro Otomano: Temporada 4: Episódio 12","10/06/2020"
"O Grande Guerreiro Otomano: Temporada 4: Episódio 11","10/06/2020"
"O Grande Guerreiro Otomano: Temporada 4: Episódio 10","10/06/2020"
"O Grande Guerreiro Otomano: Temporada 4: Episódio 9","09/06/2020"
"O Grande Guerreiro Otomano: Temporada 4: Episódio 8","09/06/2020"
"O Grande Guerreiro Otomano: Temporada 4: Episódio 7","09/06/2020"
"O Grande Guerreiro Otomano: Temporada 4: Episódio 6","09/06/2020"
"O Grande Guerreiro Otomano: Temporada 4: Episódio 5","09/06/2020"
"O Grande Guerreiro Otomano: Temporada 4: Episódio 4","08/06/2020"
"Meu Nome é Dolemite","07/06/2020"
"O Grande Guerreiro Otomano: Temporada 4: Episódio 3","07/06/2020"
"O Grande Guerreiro Otomano: Temporada 4: Episódio 2","07/06/2020"
"O Grande Guerreiro Otomano: Temporada 4: Episódio 1","07/06/2020"
"O Grande Guerreiro Otomano: Temporada 3: Episódio 91","06/06/2020"
"O Grande Guerreiro Otomano: Temporada 3: Episódio 90","05/06/2020"
"O Grande Guerreiro Otomano: Temporada 3: Episódio 89","05/06/2020"
"O Grande Guerreiro Otomano: Temporada 3: Episódio 88","05/06/2020"
"O Grande Guerreiro Otomano: Temporada 3: Episódio 87","05/06/2020"
"O Grande Guerreiro Otomano: Temporada 3: Episódio 86","04/06/2020"
"O Grande Guerreiro Otomano: Temporada 3: Episódio 85","03/06/2020"
"O Grande Guerreiro Otomano: Temporada 3: Episódio 84","03/06/2020"
"O Grande Guerreiro Otomano: Temporada 3: Episódio 83","03/06/2020"
"O Grande Guerreiro Otomano: Temporada 3: Episódio 82","01/06/2020"
"O Grande Guerreiro Otomano: Temporada 3: Episódio 81","01/06/2020"
"O Grande Guerreiro Otomano: Temporada 3: Episódio 80","01/06/2020"
"O Grande Guerreiro Otomano: Temporada 3: Episódio 79","31/05/2020"
"O Grande Guerreiro Otomano: Temporada 3: Episódio 78","31/05/2020"
"O Grande Guerreiro Otomano: Temporada 3: Episódio 77","31/05/2020"
"O Grande Guerreiro Otomano: Temporada 3: Episódio 76","30/05/2020"
"O Grande Guerreiro Otomano: Temporada 3: Episódio 75","27/05/2020"
"O Grande Guerreiro Otomano: Temporada 3: Episódio 74","27/05/2020"
"O Grande Guerreiro Otomano: Temporada 3: Episódio 73","27/05/2020"
"O Grande Guerreiro Otomano: Temporada 3: Episódio 72","26/05/2020"
"O Grande Guerreiro Otomano: Temporada 3: Episódio 71","26/05/2020"
"O Grande Guerreiro Otomano: Temporada 3: Episódio 70","25/05/2020"
"O Grande Guerreiro Otomano: Temporada 3: Episódio 69","25/05/2020"
"O Grande Guerreiro Otomano: Temporada 3: Episódio 68","25/05/2020"
"O Grande Guerreiro Otomano: Temporada 3: Episódio 67","25/05/2020"
"O Grande Guerreiro Otomano: Temporada 3: Episódio 66","25/05/2020"
"O Grande Guerreiro Otomano: Temporada 3: Episódio 65","25/05/2020"
"O Grande Guerreiro Otomano: Temporada 3: Episódio 64","24/05/2020"
"O Grande Guerreiro Otomano: Temporada 3: Episódio 63","24/05/2020"
"O Grande Guerreiro Otomano: Temporada 3: Episódio 62","24/05/2020"
"O Grande Guerreiro Otomano: Temporada 3: Episódio 61","24/05/2020"
"O Grande Guerreiro Otomano: Temporada 3: Episódio 60","24/05/2020"
"O Grande Guerreiro Otomano: Temporada 3: Episódio 59","23/05/2020"
"O Grande Guerreiro Otomano: Temporada 3: Episódio 58","23/05/2020"
"O Grande Guerreiro Otomano: Temporada 3: Episódio 57","22/05/2020"
"O Grande Guerreiro Otomano: Temporada 3: Episódio 56","20/05/2020"
"O Grande Guerreiro Otomano: Temporada 3: Episódio 55","20/05/2020"
"O Grande Guerreiro Otomano: Temporada 3: Episódio 54","20/05/2020"
"O Grande Guerreiro Otomano: Temporada 3: Episódio 53","19/05/2020"
"O Grande Guerreiro Otomano: Temporada 3: Episódio 52","18/05/2020"
"O Grande Guerreiro Otomano: Temporada 3: Episódio 51","18/05/2020"
"O Grande Guerreiro Otomano: Temporada 3: Episódio 50","17/05/2020"
"O Grande Guerreiro Otomano: Temporada 3: Episódio 49","17/05/2020"
"O Grande Guerreiro Otomano: Temporada 3: Episódio 48","17/05/2020"
"O Grande Guerreiro Otomano: Temporada 3: Episódio 47","16/05/2020"
"O Grande Guerreiro Otomano: Temporada 3: Episódio 46","16/05/2020"
"O Grande Guerreiro Otomano: Temporada 3: Episódio 45","16/05/2020"
"O Grande Guerreiro Otomano: Temporada 3: Episódio 44","15/05/2020"
"O Grande Guerreiro Otomano: Temporada 3: Episódio 43","15/05/2020"
"O Grande Guerreiro Otomano: Temporada 3: Episódio 42","15/05/2020"
"O Grande Guerreiro Otomano: Temporada 3: Episódio 41","14/05/2020"
"O Grande Guerreiro Otomano: Temporada 3: Episódio 40","14/05/2020"
"O Grande Guerreiro Otomano: Temporada 3: Episódio 39","14/05/2020"
"O Grande Guerreiro Otomano: Temporada 3: Episódio 38","13/05/2020"
"O Grande Guerreiro Otomano: Temporada 3: Episódio 37","13/05/2020"
"O Grande Guerreiro Otomano: Temporada 3: Episódio 36","12/05/2020"
"O Grande Guerreiro Otomano: Temporada 3: Episódio 35","12/05/2020"
"O Grande Guerreiro Otomano: Temporada 3: Episódio 34","12/05/2020"
"O Grande Guerreiro Otomano: Temporada 3: Episódio 33","11/05/2020"
"O Grande Guerreiro Otomano: Temporada 3: Episódio 32","11/05/2020"
"O Grande Guerreiro Otomano: Temporada 3: Episódio 31","11/05/2020"
"O Grande Guerreiro Otomano: Temporada 3: Episódio 30","11/05/2020"
"O Grande Guerreiro Otomano: Temporada 3: Episódio 29","10/05/2020"
"O Grande Guerreiro Otomano: Temporada 3: Episódio 28","10/05/2020"
"O Grande Guerreiro Otomano: Temporada 3: Episódio 27","09/05/2020"
"O Grande Guerreiro Otomano: Temporada 3: Episódio 26","09/05/2020"
"O Grande Guerreiro Otomano: Temporada 3: Episódio 25","08/05/2020"
"O Grande Guerreiro Otomano: Temporada 3: Episódio 24","08/05/2020"
"O Grande Guerreiro Otomano: Temporada 3: Episódio 23","08/05/2020"
"O Grande Guerreiro Otomano: Temporada 3: Episódio 22","08/05/2020"
"O Grande Guerreiro Otomano: Temporada 3: Episódio 21","08/05/2020"
"O Grande Guerreiro Otomano: Temporada 3: Episódio 20","08/05/2020"
"O Grande Guerreiro Otomano: Temporada 3: Episódio 19","07/05/2020"
"O Grande Guerreiro Otomano: Temporada 3: Episódio 18","07/05/2020"
"O Grande Guerreiro Otomano: Temporada 3: Episódio 17","07/05/2020"
"O Grande Guerreiro Otomano: Temporada 3: Episódio 16","06/05/2020"
"O Grande Guerreiro Otomano: Temporada 3: Episódio 15","06/05/2020"
"O Grande Guerreiro Otomano: Temporada 3: Episódio 14","06/05/2020"
"O Grande Guerreiro Otomano: Temporada 3: Episódio 13","06/05/2020"
"O Grande Guerreiro Otomano: Temporada 3: Episódio 12","06/05/2020"
"O Grande Guerreiro Otomano: Temporada 3: Episódio 11","05/05/2020"
"O Grande Guerreiro Otomano: Temporada 3: Episódio 10","05/05/2020"
"O Grande Guerreiro Otomano: Temporada 3: Episódio 9","05/05/2020"
"O Grande Guerreiro Otomano: Temporada 3: Episódio 8","05/05/2020"
"O Grande Guerreiro Otomano: Temporada 3: Episódio 7","04/05/2020"
"O Grande Guerreiro Otomano: Temporada 3: Episódio 6","04/05/2020"
"O Grande Guerreiro Otomano: Temporada 3: Episódio 5","04/05/2020"
"O Grande Guerreiro Otomano: Temporada 3: Episódio 4","04/05/2020"
"The Perfection","03/05/2020"
"O Grande Guerreiro Otomano: Temporada 3: Episódio 3","03/05/2020"
"O Grande Guerreiro Otomano: Temporada 3: Episódio 2","03/05/2020"
"O Grande Guerreiro Otomano: Temporada 3: Episódio 1","02/05/2020"
"O Grande Guerreiro Otomano: Temporada 2: Episódio 179","27/04/2020"
"O Grande Guerreiro Otomano: Temporada 2: Episódio 178","27/04/2020"
"O Grande Guerreiro Otomano: Temporada 2: Episódio 177","26/04/2020"
"O Grande Guerreiro Otomano: Temporada 2: Episódio 176","26/04/2020"
"O Grande Guerreiro Otomano: Temporada 2: Episódio 175","26/04/2020"
"O Grande Guerreiro Otomano: Temporada 2: Episódio 174","26/04/2020"
"O Grande Guerreiro Otomano: Temporada 2: Episódio 173","25/04/2020"
"O Grande Guerreiro Otomano: Temporada 2: Episódio 172","25/04/2020"
"O Grande Guerreiro Otomano: Temporada 2: Episódio 171","25/04/2020"
"O Grande Guerreiro Otomano: Temporada 2: Episódio 170","25/04/2020"
"O Grande Guerreiro Otomano: Temporada 2: Episódio 169","24/04/2020"
"O Grande Guerreiro Otomano: Temporada 2: Episódio 168","24/04/2020"
"O Grande Guerreiro Otomano: Temporada 2: Episódio 167","24/04/2020"
"O Grande Guerreiro Otomano: Temporada 2: Episódio 166","22/04/2020"
"O Grande Guerreiro Otomano: Temporada 2: Episódio 165","22/04/2020"
"O Grande Guerreiro Otomano: Temporada 2: Episódio 164","21/04/2020"
"O Grande Guerreiro Otomano: Temporada 2: Episódio 163","21/04/2020"
"O Grande Guerreiro Otomano: Temporada 2: Episódio 162","21/04/2020"
"O Grande Guerreiro Otomano: Temporada 2: Episódio 161","20/04/2020"
"O Grande Guerreiro Otomano: Temporada 2: Episódio 160","20/04/2020"
"O Grande Guerreiro Otomano: Temporada 2: Episódio 159","20/04/2020"
"O Grande Guerreiro Otomano: Temporada 2: Episódio 158","19/04/2020"
"O Grande Guerreiro Otomano: Temporada 2: Episódio 157","19/04/2020"
"O Grande Guerreiro Otomano: Temporada 2: Episódio 156","19/04/2020"
"O Grande Guerreiro Otomano: Temporada 2: Episódio 155","18/04/2020"
"O Grande Guerreiro Otomano: Temporada 2: Episódio 154","18/04/2020"
"O Grande Guerreiro Otomano: Temporada 2: Episódio 153","18/04/2020"
"O Grande Guerreiro Otomano: Temporada 2: Episódio 152","18/04/2020"
"O Grande Guerreiro Otomano: Temporada 2: Episódio 151","17/04/2020"
"O Grande Guerreiro Otomano: Temporada 2: Episódio 150","17/04/2020"
"O Grande Guerreiro Otomano: Temporada 2: Episódio 149","17/04/2020"
"O Grande Guerreiro Otomano: Temporada 2: Episódio 148","17/04/2020"
"O Grande Guerreiro Otomano: Temporada 2: Episódio 147","16/04/2020"
"O Grande Guerreiro Otomano: Temporada 2: Episódio 146","16/04/2020"
"O Grande Guerreiro Otomano: Temporada 2: Episódio 145","16/04/2020"
"O Grande Guerreiro Otomano: Temporada 2: Episódio 144","16/04/2020"
"O Grande Guerreiro Otomano: Temporada 2: Episódio 143","16/04/2020"
"O Grande Guerreiro Otomano: Temporada 2: Episódio 142","15/04/2020"
"O Grande Guerreiro Otomano: Temporada 2: Episódio 141","15/04/2020"
"O Grande Guerreiro Otomano: Temporada 2: Episódio 140","15/04/2020"
"O Grande Guerreiro Otomano: Temporada 2: Episódio 139","15/04/2020"
"O Grande Guerreiro Otomano: Temporada 2: Episódio 138","13/04/2020"
"O Grande Guerreiro Otomano: Temporada 2: Episódio 137","13/04/2020"
"O Grande Guerreiro Otomano: Temporada 2: Episódio 136","13/04/2020"
"O Grande Guerreiro Otomano: Temporada 2: Episódio 135","13/04/2020"
"O Grande Guerreiro Otomano: Temporada 2: Episódio 134","12/04/2020"
"O Grande Guerreiro Otomano: Temporada 2: Episódio 133","10/04/2020"
"O Grande Guerreiro Otomano: Temporada 2: Episódio 132","10/04/2020"
"O Grande Guerreiro Otomano: Temporada 2: Episódio 131","09/04/2020"
"O Grande Guerreiro Otomano: Temporada 2: Episódio 130","09/04/2020"
"O Grande Guerreiro Otomano: Temporada 2: Episódio 129","09/04/2020"
"O Grande Guerreiro Otomano: Temporada 2: Episódio 128","08/04/2020"
"O Grande Guerreiro Otomano: Temporada 2: Episódio 127","08/04/2020"
"O Grande Guerreiro Otomano: Temporada 2: Episódio 126","08/04/2020"
"O Grande Guerreiro Otomano: Temporada 2: Episódio 125","07/04/2020"
"O Grande Guerreiro Otomano: Temporada 2: Episódio 124","07/04/2020"
"O Grande Guerreiro Otomano: Temporada 2: Episódio 123","06/04/2020"
"O Grande Guerreiro Otomano: Temporada 2: Episódio 122","06/04/2020"
"O Grande Guerreiro Otomano: Temporada 2: Episódio 121","06/04/2020"
"O Grande Guerreiro Otomano: Temporada 2: Episódio 120","05/04/2020"
"O Grande Guerreiro Otomano: Temporada 2: Episódio 119","05/04/2020"
"O Grande Guerreiro Otomano: Temporada 2: Episódio 118","05/04/2020"
"O Grande Guerreiro Otomano: Temporada 2: Episódio 117","05/04/2020"
"O Grande Guerreiro Otomano: Temporada 2: Episódio 116","05/04/2020"
"O Grande Guerreiro Otomano: Temporada 2: Episódio 115","04/04/2020"
"O Grande Guerreiro Otomano: Temporada 2: Episódio 114","04/04/2020"
"O Grande Guerreiro Otomano: Temporada 2: Episódio 113","04/04/2020"
"O Grande Guerreiro Otomano: Temporada 2: Episódio 112","03/04/2020"
"O Grande Guerreiro Otomano: Temporada 2: Episódio 111","03/04/2020"
"O Grande Guerreiro Otomano: Temporada 2: Episódio 110","03/04/2020"
"O Grande Guerreiro Otomano: Temporada 2: Episódio 109","03/04/2020"
"O Grande Guerreiro Otomano: Temporada 2: Episódio 108","02/04/2020"
"O Grande Guerreiro Otomano: Temporada 2: Episódio 107","02/04/2020"
"O Grande Guerreiro Otomano: Temporada 2: Episódio 106","02/04/2020"
"O Grande Guerreiro Otomano: Temporada 2: Episódio 105","01/04/2020"
"O Grande Guerreiro Otomano: Temporada 2: Episódio 104","01/04/2020"
"O Grande Guerreiro Otomano: Temporada 2: Episódio 103","01/04/2020"
"O Grande Guerreiro Otomano: Temporada 2: Episódio 102","01/04/2020"
"O Grande Guerreiro Otomano: Temporada 2: Episódio 101","01/04/2020"
"O Grande Guerreiro Otomano: Temporada 2: Episódio 100","30/03/2020"
"O Grande Guerreiro Otomano: Temporada 2: Episódio 99","30/03/2020"
"O Grande Guerreiro Otomano: Temporada 2: Episódio 98","29/03/2020"
"O Grande Guerreiro Otomano: Temporada 2: Episódio 97","29/03/2020"
"O Grande Guerreiro Otomano: Temporada 2: Episódio 96","29/03/2020"
"O Grande Guerreiro Otomano: Temporada 2: Episódio 95","28/03/2020"
"O Grande Guerreiro Otomano: Temporada 2: Episódio 94","28/03/2020"
"O Grande Guerreiro Otomano: Temporada 2: Episódio 93","28/03/2020"
"O Grande Guerreiro Otomano: Temporada 2: Episódio 92","28/03/2020"
"O Grande Guerreiro Otomano: Temporada 2: Episódio 91","28/03/2020"
"O Grande Guerreiro Otomano: Temporada 2: Episódio 90","27/03/2020"
"O Grande Guerreiro Otomano: Temporada 2: Episódio 89","27/03/2020"
"O Grande Guerreiro Otomano: Temporada 2: Episódio 88","27/03/2020"
"O Grande Guerreiro Otomano: Temporada 2: Episódio 87","26/03/2020"
"O Grande Guerreiro Otomano: Temporada 2: Episódio 86","26/03/2020"
"O Grande Guerreiro Otomano: Temporada 2: Episódio 85","26/03/2020"
"O Grande Guerreiro Otomano: Temporada 2: Episódio 84","26/03/2020"
"O Grande Guerreiro Otomano: Temporada 2: Episódio 83","25/03/2020"
"O Grande Guerreiro Otomano: Temporada 2: Episódio 82","23/03/2020"
"O Grande Guerreiro Otomano: Temporada 2: Episódio 81","23/03/2020"
"O Grande Guerreiro Otomano: Temporada 2: Episódio 80","22/03/2020"
"O Grande Guerreiro Otomano: Temporada 2: Episódio 79","22/03/2020"
"O Grande Guerreiro Otomano: Temporada 2: Episódio 78","22/03/2020"
"O Grande Guerreiro Otomano: Temporada 2: Episódio 77","22/03/2020"
"O Grande Guerreiro Otomano: Temporada 1: Episódio 76","01/03/2020"
"O Grande Guerreiro Otomano: Temporada 1: Episódio 75","29/02/2020"
"O Grande Guerreiro Otomano: Temporada 1: Episódio 74","28/02/2020"
"O Grande Guerreiro Otomano: Temporada 1: Episódio 73","27/02/2020"
"O Grande Guerreiro Otomano: Temporada 1: Episódio 72","25/02/2020"
"O Grande Guerreiro Otomano: Temporada 1: Episódio 71","25/02/2020"
"O Grande Guerreiro Otomano: Temporada 1: Episódio 70","25/02/2020"
"O Grande Guerreiro Otomano: Temporada 1: Episódio 69","25/02/2020"
"O Grande Guerreiro Otomano: Temporada 1: Episódio 68","25/02/2020"
"O Grande Guerreiro Otomano: Temporada 1: Episódio 67","25/02/2020"
"O Grande Guerreiro Otomano: Temporada 1: Episódio 66","23/02/2020"
"O Grande Guerreiro Otomano: Temporada 1: Episódio 65","23/02/2020"
"O Grande Guerreiro Otomano: Temporada 1: Episódio 64","23/02/2020"
"O Grande Guerreiro Otomano: Temporada 1: Episódio 63","23/02/2020"
"O Grande Guerreiro Otomano: Temporada 1: Episódio 62","23/02/2020"
"O Grande Guerreiro Otomano: Temporada 1: Episódio 61","22/02/2020"
"O Grande Guerreiro Otomano: Temporada 1: Episódio 60","22/02/2020"
"O Grande Guerreiro Otomano: Temporada 1: Episódio 59","22/02/2020"
"O Grande Guerreiro Otomano: Temporada 1: Episódio 58","22/02/2020"
"O Grande Guerreiro Otomano: Temporada 1: Episódio 57","21/02/2020"
"O Grande Guerreiro Otomano: Temporada 1: Episódio 56","20/02/2020"
"O Grande Guerreiro Otomano: Temporada 1: Episódio 55","20/02/2020"
"O Grande Guerreiro Otomano: Temporada 1: Episódio 54","18/02/2020"
"O Grande Guerreiro Otomano: Temporada 1: Episódio 53","18/02/2020"
"O Grande Guerreiro Otomano: Temporada 1: Episódio 52","16/02/2020"
"O Grande Guerreiro Otomano: Temporada 1: Episódio 51","16/02/2020"
"O Grande Guerreiro Otomano: Temporada 1: Episódio 50","15/02/2020"
"O Grande Guerreiro Otomano: Temporada 1: Episódio 49","15/02/2020"
"O Grande Guerreiro Otomano: Temporada 1: Episódio 48","15/02/2020"
"O Grande Guerreiro Otomano: Temporada 1: Episódio 47","14/02/2020"
"O Grande Guerreiro Otomano: Temporada 1: Episódio 46","13/02/2020"
"O Grande Guerreiro Otomano: Temporada 1: Episódio 45","13/02/2020"
"O Grande Guerreiro Otomano: Temporada 1: Episódio 44","13/02/2020"
"O Grande Guerreiro Otomano: Temporada 1: Episódio 43","13/02/2020"
"O Grande Guerreiro Otomano: Temporada 1: Episódio 42","13/02/2020"
"O Grande Guerreiro Otomano: Temporada 1: Episódio 41","12/02/2020"
"O Grande Guerreiro Otomano: Temporada 1: Episódio 40","12/02/2020"
"O Grande Guerreiro Otomano: Temporada 1: Episódio 39","12/02/2020"
"O Grande Guerreiro Otomano: Temporada 1: Episódio 38","10/02/2020"
"O Grande Guerreiro Otomano: Temporada 1: Episódio 37","10/02/2020"
"O Grande Guerreiro Otomano: Temporada 1: Episódio 36","09/02/2020"
"O Grande Guerreiro Otomano: Temporada 1: Episódio 35","09/02/2020"
"O Grande Guerreiro Otomano: Temporada 1: Episódio 34","09/02/2020"
"Amor e Tulipas","07/02/2020"
"O Grande Guerreiro Otomano: Temporada 1: Episódio 33","06/02/2020"
"O Grande Guerreiro Otomano: Temporada 1: Episódio 32","05/02/2020"
"O Grande Guerreiro Otomano: Temporada 1: Episódio 31","05/02/2020"
"O Grande Guerreiro Otomano: Temporada 1: Episódio 30","03/02/2020"
"O Grande Guerreiro Otomano: Temporada 1: Episódio 29","03/02/2020"
"O Grande Guerreiro Otomano: Temporada 1: Episódio 28","02/02/2020"
"O Grande Guerreiro Otomano: Temporada 1: Episódio 27","01/02/2020"
"O Grande Guerreiro Otomano: Temporada 1: Episódio 26","01/02/2020"
"O Grande Guerreiro Otomano: Temporada 1: Episódio 25","30/01/2020"
"O Grande Guerreiro Otomano: Temporada 1: Episódio 24","30/01/2020"
"O Grande Guerreiro Otomano: Temporada 1: Episódio 23","29/01/2020"
"O Grande Guerreiro Otomano: Temporada 1: Episódio 22","29/01/2020"
"O Grande Guerreiro Otomano: Temporada 1: Episódio 21","29/01/2020"
"O Grande Guerreiro Otomano: Temporada 1: Episódio 20","29/01/2020"
"O Grande Guerreiro Otomano: Temporada 1: Episódio 19","29/01/2020"
"O Grande Guerreiro Otomano: Temporada 1: Episódio 18","29/01/2020"
"O Grande Guerreiro Otomano: Temporada 1: Episódio 17","28/01/2020"
"O Grande Guerreiro Otomano: Temporada 1: Episódio 16","25/01/2020"
"O Grande Guerreiro Otomano: Temporada 1: Episódio 15","24/01/2020"
"O Grande Guerreiro Otomano: Temporada 1: Episódio 14","24/01/2020"
"O Grande Guerreiro Otomano: Temporada 1: Episódio 13","24/01/2020"
"O Grande Guerreiro Otomano: Temporada 1: Episódio 12","23/01/2020"
"O Grande Guerreiro Otomano: Temporada 1: Episódio 11","23/01/2020"
"O Grande Guerreiro Otomano: Temporada 1: Episódio 10","23/01/2020"
"O Grande Guerreiro Otomano: Temporada 1: Episódio 9","20/01/2020"
"O Grande Guerreiro Otomano: Temporada 1: Episódio 8","19/01/2020"
"O Grande Guerreiro Otomano: Temporada 1: Episódio 7","19/01/2020"
"O Grande Guerreiro Otomano: Temporada 1: Episódio 6","19/01/2020"
"O Grande Guerreiro Otomano: Temporada 1: Episódio 5","18/01/2020"
"O Grande Guerreiro Otomano: Temporada 1: Episódio 4","18/01/2020"
"O Grande Guerreiro Otomano: Temporada 1: Episódio 3","18/01/2020"
"O Grande Guerreiro Otomano: Temporada 1: Episódio 2","17/01/2020"
"O Grande Guerreiro Otomano: Temporada 1: Episódio 1","17/01/2020"
"Dançando em Silêncio","16/01/2020"
"Democracia em Vertigem","15/01/2020"
"O Segredo do Templo: Temporada 1: Episódio 8","13/01/2020"
"O Segredo do Templo: Temporada 1: Episódio 7","13/01/2020"
"O Segredo do Templo: Temporada 1: Episódio 6","13/01/2020"
"O Segredo do Templo: Temporada 1: Episódio 5","13/01/2020"
"O Segredo do Templo: Temporada 1: Episódio 4","12/01/2020"
"O Segredo do Templo: Temporada 1: Episódio 3","11/01/2020"
"O Segredo do Templo: Temporada 1: Episódio 2","11/01/2020"
"O Segredo do Templo: Temporada 1: Episódio 1","10/01/2020"
"First They Killed My Father","04/01/2020"
"Pássaro do Oriente","28/12/2019"
"Easy: Temporada 1: Vida e arte","22/12/2019"
"Easy: Temporada 1: Controlada","22/12/2019"
"Especial de Natal Porta dos Fundos: A Primeira Tentação de Cristo","18/12/2019"
"Trocando Celulares","25/10/2019"
"Animais Noturnos","25/10/2019"
"Mais uma Página","25/10/2019"
"1922","25/10/2019"
"Blade Runner, o Caçador de Androides","25/10/2019"
"Easy: Temporada 1: Irmãos cervejeiros","20/10/2019"
"Easy: Temporada 1: Cinderela vegana","20/10/2019"
"Easy: Temporada 1: A p**ra do estudo","20/10/2019"
"Osmosis: Temporada 1: Alma gêmea","02/10/2019"
"Osmosis: Temporada 1: O teste","02/10/2019"
"Divinas","29/09/2019"
"Dry Martina","26/09/2019"
"Amores Canibais","22/09/2019"
"Dark: Temporada 2: Matéria escura","22/09/2019"
"Felicidade por um Fio","22/09/2019"
"Bird Box","22/09/2019"
"Versões de um Crime","22/09/2019"
"Deidra e Laney Assaltam um Trem","21/09/2019"
"Cara Gente Branca: Volume 3: Capítulo I","20/09/2019"
"Sense8: Temporada 1: A morte não permite despedidas","11/05/2019"
"Sense8: Temporada 1: Seremos julgados pela coragem dos nossos corações","04/05/2019"
"Sense8: Temporada 1: O poder da literatura","29/04/2019"
"Sense8: Temporada 1: Demônios","26/04/2019"
"Sense8: Temporada 1: Arte é como religião","17/04/2019"
"Sense8: Temporada 1: O que está acontecendo?","16/04/2019"
"Sense8: Temporada 1: Aposte tudo na magrela","15/04/2019"
"Sense8: Temporada 1: Eu também sou nós","14/04/2019"
"Sense8: Temporada 1: Ressonância límbica","14/04/2019"
"A Partida Final","09/03/2019"
"Sovdagari - O Mercador","09/03/2019"
"One Strange Rock: Temporada 1: Tempestade","08/03/2019"
"One Strange Rock: Temporada 1: Suspiro","08/03/2019"
"Breaking Bad: Temporada 2: Grilled","18/01/2019"
"Breaking Bad: Temporada 2: Seven Thirty-Seven","17/01/2019"
"Breaking Bad: Temporada 1: A No-Rough-Stuff-Type Deal","15/01/2019"
"Breaking Bad: Temporada 1: Crazy Handful of Nothin'","14/01/2019"
"Breaking Bad: Temporada 1: Gray Matter","14/01/2019"
"Breaking Bad: Temporada 1: Cancer Man","12/01/2019"
"Breaking Bad: Temporada 1: And the Bag's in the River","12/01/2019"
"Breaking Bad: Temporada 1: The Cat's in the Bag","12/01/2019"
"Breaking Bad: Temporada 1: Piloto","12/01/2019"
"Christiane Amanpour: Amor e Sexo pelo Mundo: Temporada 1: Xangai","12/01/2019"
"Christiane Amanpour: Amor e Sexo pelo Mundo: Temporada 1: Acra","10/01/2019"
"Christiane Amanpour: Amor e Sexo pelo Mundo: Temporada 1: Berlim","09/01/2019"
"Christiane Amanpour: Amor e Sexo pelo Mundo: Temporada 1: Beirute","09/01/2019"
"Christiane Amanpour: Amor e Sexo pelo Mundo: Temporada 1: Délhi","08/01/2019"
"Você: Temporada 1: Talvez","08/01/2019"
"Você: Temporada 1: O último cara legal em Nova York","07/01/2019"
"Você: Temporada 1: Piloto","07/01/2019"
"Black Mirror: Temporada 3: Queda livre","07/01/2019"
"Black Mirror: Temporada 2: Volto já","07/01/2019"
"Black Mirror: Temporada 3: Manda quem pode","07/01/2019"
"Trotsky: Temporada 1: Episódio 8","29/12/2018"
"Anon","29/12/2018"
"Trotsky: Temporada 1: Episódio 7","29/12/2018"
"Trotsky: Temporada 1: Episódio 6","29/12/2018"
"Christiane Amanpour: Amor e Sexo pelo Mundo: Temporada 1: Tóquio","23/12/2018"
"","11/12/2018"
"Wild Wild Country: Minissérie: Parte 6","05/09/2018"
"Wild Wild Country: Minissérie: Parte 1","05/09/2018"
"Cara Gente Branca: Volume 2: Capítulo X","13/08/2018"
"Cara Gente Branca: Volume 2: Capítulo IX","09/08/2018"
"Cara Gente Branca: Volume 2: Capítulo VIII","09/08/2018"
"Cara Gente Branca: Volume 2: Capítulo VII","09/08/2018"
"Wild Wild Country: Minissérie: Parte 5","06/08/2018"
"Wild Wild Country: Minissérie: Parte 4","02/08/2018"
"Wild Wild Country: Minissérie: Parte 3","01/08/2018"
"Besouro","25/07/2018"
"Cara Gente Branca: Volume 2: Capítulo VI","22/07/2018"
"Cara Gente Branca: Volume 2: Capítulo V","22/07/2018"
"Cara Gente Branca: Volume 2: Capítulo IV","21/07/2018"
"Cara Gente Branca: Volume 2: Capítulo III","20/07/2018"
"Cara Gente Branca: Volume 2: Capítulo II","20/07/2018"
"Cara Gente Branca: Volume 2: Capítulo I","18/07/2018"
"Cara Gente Branca: Volume 1: Capítulo X","17/07/2018"
"Cara Gente Branca: Volume 1: Capítulo IX","17/07/2018"
"Chewing Gum: Temporada 2: Pé na estrada","10/07/2018"
"Chewing Gum: Temporada 2: Orlando","10/07/2018"
"Chewing Gum: Temporada 2: Só queria companhia","10/07/2018"
"Cara Gente Branca: Volume 1: Capítulo VIII","24/06/2018"
"Cara Gente Branca: Volume 1: Capítulo VII","24/06/2018"
"Cara Gente Branca: Volume 1: Capítulo VI","24/06/2018"
"Cara Gente Branca: Volume 1: Capítulo V","27/05/2018"
"Cara Gente Branca: Volume 1: Capítulo  IV","27/05/2018"
"Wild Wild Country: Minissérie: Parte 2","02/05/2018"
"Aniquilação","12/04/2018"
"Chewing Gum: Temporada 1: Tudo passa por Tolle","11/04/2018"
"Layla M.","08/04/2018"
"Truques da Mente: Temporada 1: Percepção Sensorial","25/03/2018"
"Truques da Mente: Temporada 1: O Poder da Concentração","25/03/2018"
"Tabula Rasa: Temporada 1: Spectre","24/03/2018"
"Com Amor, Van Gogh","24/03/2018"
"A Garota Dinamarquesa","18/03/2018"
"Ela Quer Tudo: Temporada 1: #EscolhaDaNola (MONSTRO DE TRÊS CABEÇAS)","09/03/2018"
"Ela Quer Tudo: Temporada 1: #LimpezaSocial (GENTRIFICAÇÃO)","08/03/2018"
"Banco ou Bitcoin","02/03/2018"
"Chasing Trane","26/02/2018"
"Ela Quer Tudo: Temporada 1: #AmorNãoPagaBoleto (PRA QUEM AINDA NÃO ME CONHECE)","23/02/2018"
"Elena Undone","13/02/2018"
"O Mínimo para Viver","13/02/2018"
"Ela Quer Tudo: Temporada 1: #TransandoComNegãoSemPerderOFôlego","13/02/2018"
"Ela Quer Tudo: Temporada 1: #ViajouNaMaionese (DISLEXIA)","12/02/2018"
"Ela Quer Tudo: Temporada 1: #ProsManoPrasMina (TODA PALAVRA IMPORTA)","12/02/2018"
"Ela Quer Tudo: Temporada 1: #BoraAmar (SEXUALIDADE FLUIDA)","12/02/2018"
"Ela Quer Tudo: Temporada 1: #PretinhoBásico (VESTIDO PRETO)","12/02/2018"
"Ela Quer Tudo: Temporada 1: #AcreditaBonita (AUTOESTIMA)","11/02/2018"
"Ela Quer Tudo: Temporada 1: #SeJoga (DOUTRINA)","11/02/2018"
"Garoojigi: Um Conto Erótico","11/02/2018"
"Black Sails: Temporada 4: XXX","10/02/2018"
"Black Sails: Temporada 4: XXXI","10/02/2018"
"Kiki - Os Segredos do Desejo","06/02/2018"
"Newness","06/02/2018"
"Chewing Gum: Temporada 1: A última ceia","03/02/2018"
"Palmeiras na Neve","03/02/2018"
"Na Natureza Selvagem","03/02/2018"
"Black Sails: Temporada 4: XXIX","01/02/2018"
"Gypsy: Temporada 1: À deriva","01/02/2018"
"Gypsy: Temporada 1: Estação Morgan","31/01/2018"
"Jogo Perigoso","28/01/2018"
"Bata Antes de Entrar","28/01/2018"
"Hot Girls Wanted","28/01/2018"
"Vikings: Temporada 4: O acerto de contas","24/01/2018"
"Vikings: Temporada 4: Na véspera","24/01/2018"
"Vikings: Temporada 4: Vingança","24/01/2018"
"Vikings: Temporada 4: O grande exército","22/01/2018"
"Chewing Gum: Temporada 1: O unicórnio","22/01/2018"
"Chewing Gum: Temporada 1: Possessão","22/01/2018"
"Chewing Gum: Temporada 1: No lixo","22/01/2018"
"Chewing Gum: Temporada 1: Sexo e violência","21/01/2018"
"Vende-se Esta Casa","21/01/2018"
"Vikings: Temporada 4: Travessias","21/01/2018"
"Vikings: Temporada 4: Todos os seus anjos","21/01/2018"
"Vikings: Temporada 4: Na hora incerta antes da manhã","20/01/2018"
"Vikings: Temporada 4: Duas viagens","20/01/2018"
"Vikings: Temporada 4: A visão","20/01/2018"
"Vikings: Temporada 4: O forasteiro","19/01/2018"
"Vikings: Temporada 4: O último navio","19/01/2018"
"Vikings: Temporada 4: A morte ao redor","19/01/2018"
"Vikings: Temporada 4: Mudança","19/01/2018"
"Vikings: Temporada 4: Ganhos e perdas","19/01/2018"
"Vikings: Temporada 4: O que poderia ter sido","19/01/2018"
"Vikings: Temporada 4: A promessa","18/01/2018"
"Vikings: Temporada 4: Yol","18/01/2018"
"Vikings: Temporada 4: Misericórdia","18/01/2018"
"Vikings: Temporada 4: Matem a rainha","18/01/2018"
"Vikings: Temporada 4: Uma boa traição","18/01/2018"
"A História de Deus com Morgan Freeman: Temporada 1: O poder dos milagres","17/01/2018"
"Marco Polo: Temporada 1: Os viajantes","17/01/2018"
"A História de Deus com Morgan Freeman: Temporada 1: Por que o mal existe?","16/01/2018"
"A História de Deus com Morgan Freeman: Temporada 1: Quem é Deus?","16/01/2018"
"Narcos: Temporada 3: De volta a Cali","16/01/2018"
"Narcos: Temporada 3: Todos os homens do presidente","16/01/2018"
"Narcos: Temporada 3: Convivência","16/01/2018"
"Narcos: Temporada 3: Sem saída","16/01/2018"
"Narcos: Temporada 3: Os melhores planos","16/01/2018"
"Narcos: Temporada 3: Manutenção, reparos e operações","16/01/2018"
"Narcos: Temporada 3: Xeque-mate","16/01/2018"
"Narcos: Temporada 3: A trilha do dinheiro","15/01/2018"
"Narcos: Temporada 3: A KGB de Cali","15/01/2018"
"Narcos: Temporada 3: Jogada de mestre","15/01/2018"
"Love: Temporada 2: Um dia","15/01/2018"
"Love: Temporada 2: Cogumelos mágicos","15/01/2018"
"Black Mirror: Temporada 4: Black Museum","14/01/2018"
"Black Mirror: Temporada 4: Metalhead","14/01/2018"
"Black Mirror: Temporada 4: Hang the DJ","13/01/2018"
"Black Mirror: Temporada 4: Crocodilo","13/01/2018"
"Black Mirror: Temporada 4: Arkangel","11/01/2018"
"Black Mirror: Temporada 4: USS Callister","11/01/2018"
"Gypsy: Temporada 1: A toca do coelho","10/01/2018"
"Rotten: Temporada 1: Não tão doce","10/01/2018"
"A História de Deus com Morgan Freeman: Temporada 1: Criação","08/01/2018"
"A História de Deus com Morgan Freeman: Temporada 1: Apocalipse","29/12/2017"
"A História de Deus com Morgan Freeman: Temporada 1: Vida após a morte","28/12/2017"
"Love: Temporada 2: Enquanto você dormia","04/12/2017"
"Love: Temporada 2: Jantar entre amigos","04/12/2017"
"Love: Temporada 2: Confinamento","28/11/2017"
"Tocados Pelo Fogo","05/09/2017"
"O Atirador: Temporada 1: Ponto de impacto","04/09/2017"
"Humano - Uma Viagem pela Vida","28/08/2017"
"Vale da Luta","18/07/2017"
"Okja","10/07/2017"
"Filha de Deus","05/07/2017"
"Bruna Surfistinha","21/06/2017"
"Cinquenta Tons de Cinza","21/06/2017"
"O Amor no Divã","21/06/2017"
"Tempestade de Areia","10/06/2017"
"Cara Gente Branca: Volume 1: Capítulo III","16/05/2017"
"Cara Gente Branca: Volume 1: Capítulo II","16/05/2017"
"Cara Gente Branca: Volume 1: Capítulo I","16/05/2017"
"Empresses in the Palace: Temporada 1: Episódio 1","07/05/2017"
"O Expresso da Meia-Noite","30/04/2017"
"As Confissões","29/04/2017"
"Touch: Temporada 1: Música das Esferas","29/04/2017"
"Touch: Temporada 1: Achados e Perdidos","29/04/2017"
"Touch: Temporada 1: Conexões","29/04/2017"
"Stranger Things: Capítulo um: O desaparecimento de Will Byers","29/04/2017"
"Merlí: Temporada 1: Os peripatéticos","29/04/2017"
"The Eichmann Show","17/04/2017"
"Black Sails: Temporada 3: XXVIII","17/04/2017"
"Black Sails: Temporada 3: XXVII","07/04/2017"
"O Grande Mestre 3","04/04/2017"
"Black Sails: Temporada 3: XXVI","04/04/2017"
"Black Sails: Temporada 3: XXV","03/04/2017"
"Black Sails: Temporada 3: XXIV","03/04/2017"
"Black Sails: Temporada 3: XXIII","03/04/2017"
"Black Sails: Temporada 3: XXII","02/04/2017"
"Black Sails: Temporada 3: XXI","02/04/2017"
"Black Sails: Temporada 3: XX","02/04/2017"
"Black Sails: Temporada 3: XIX","31/03/2017"
"Cosmos: Uma Odisseia do Espaço-Tempo: Temporada 1: Quando o Conhecimento Venceu o Medo","28/03/2017"
"Cosmos: Uma Odisseia do Espaço-Tempo: Temporada 1: Coisas que as Moléculas Fazem","27/03/2017"
"Black Sails: Temporada 2: XVIII","26/03/2017"
"Black Sails: Temporada 2: XVII","26/03/2017"
"Black Sails: Temporada 2: XVI","07/03/2017"
"Black Sails: Temporada 2: XV","06/02/2017"
"Black Sails: Temporada 2: XIV","05/02/2017"
"Black Sails: Temporada 2: XIII","02/02/2017"
"Black Sails: Temporada 2: XII","02/02/2017"
"Black Sails: Temporada 2: XI","02/02/2017"
"Black Sails: Temporada 2: X","27/01/2017"
"Black Sails: Temporada 2: IX","25/01/2017"
"Black Sails: Temporada 1: VIII","25/01/2017"
"Black Sails: Temporada 1: VII","25/01/2017"
"Black Sails: Temporada 1: VI","20/01/2017"
"Black Sails: Temporada 1: V","20/01/2017"
"Black Sails: Temporada 1: IV","20/01/2017"
"Black Sails: Temporada 1: III","19/01/2017"
"Black Sails: Temporada 1: II","19/01/2017"
"Black Sails: Temporada 1: I","19/01/2017"
"Contos Do Edgar: Season 1: Priscila","17/01/2017"
"Contos Do Edgar: Season 1: Berê","17/01/2017"
"Baahubali: O início","16/01/2017"
"Cruzada","16/01/2017"
"Paixão Inocente","15/01/2017"
"Império Romano: Cômodo: Império de Sangue: Nascido na realeza","15/01/2017"
"O Lado Bom da Vida","15/01/2017"
"O Retorno de Johnny English","14/01/2017"
"Perfume - A história de um assassino","14/01/2017"
"Clinical","14/01/2017"
"3%: Temporada 1: Capítulo 08: Botão","14/01/2017"
"3%: Temporada 1: Capítulo 07: Cápsula","13/01/2017"
"3%: Temporada 1: Capítulo 06: Vidro","12/01/2017"
"3%: Temporada 1: Capítulo 05: Água","12/01/2017"
"A pele que habito","11/01/2017"
"3%: Temporada 1: Capítulo 04: Portão","11/01/2017"
"3%: Temporada 1: Capítulo 03: Corredor","11/01/2017"
"3%: Temporada 1: Capítulo 02: Moedas","07/01/2017"
"3%: Temporada 1: Capítulo 01: Cubos","07/01/2017"
"被偷走的那五年","06/01/2017"
"Narcos: Temporada 2: Al Fin Cayó!","05/01/2017"
"Narcos: Temporada 2: Nossa fazenda","05/01/2017"
"Narcos: Temporada 2: Saída de El Patrón","05/01/2017"
"Narcos: Temporada 2: Deutschland 93","04/01/2017"
"Narcos: Temporada 2: Los Pepes","04/01/2017"
"Narcos: Temporada 2: Inimigos do meu inimigo","04/01/2017"
"Ponto Zero","04/01/2017"
"Iverson","04/01/2017"
"Trainspotting - Sem Limites","25/12/2016"
"Requiem for the American Dream","19/12/2016"
"Black Mirror: Temporada 3: Odiados pela nação","16/12/2016"
"Narcos: Temporada 2: Os bons, os maus e os mortos","07/12/2016"
"Narcos: Temporada 2: Parceiro de Madrid","04/12/2016"
"Love: Temporada 1: O fim do começo","04/12/2016"
"Love: Temporada 1: Leitura do script","04/12/2016"
"Love: Temporada 1: Créditos","03/12/2016"
"Narcos: Temporada 2: Cambalache","01/12/2016"
"Love: Temporada 1: Magia","30/11/2016"
"Love: Temporada 1: Andy","29/11/2016"
"Narcos: Temporada 2: Livre","28/11/2016"
"Love: Temporada 1: O encontro","27/11/2016"
"Love: Temporada 1: A festa","27/11/2016"
"Love: Temporada 1: O teste","27/11/2016"
"Love: Temporada 1: Um longo dia","20/11/2016"
"Love: Temporada 1: O começo","18/11/2016"
"Mesmo Se Nada Der Certo","15/11/2016"
"Homeland: Temporada 1: Oração","15/11/2016"
"Homeland: Temporada 1: Piloto","15/11/2016"
"Black Mirror: Temporada 3: Engenharia reversa","14/11/2016"
"Black Mirror: Temporada 3: San Junipero","13/11/2016"
"Black Mirror: Temporada 3: Versão de testes","13/11/2016"
"Marco Polo: Temporada 2: A aliança","11/11/2016"
"Marco Polo: Temporada 2: Herdeiros","10/11/2016"
"Marco Polo: Temporada 2: Cavalo branco","10/11/2016"
"Marco Polo: Temporada 2: A Garça Perdida","10/11/2016"
"Marco Polo: Temporada 2: Os termos da serpente","07/11/2016"
"Marco Polo: Temporada 2: Canção","06/11/2016"
"Marco Polo: Temporada 2: Que os desígnios de Deus comecem","06/11/2016"
"Marco Polo: Temporada 2: Ataque ao pivô","05/11/2016"
"Marco Polo: Temporada 2: Um abraço","04/11/2016"
"12 Anos de Escravidão","17/10/2016"
"Janela indiscreta","09/10/2016"
"Requisitos para ser una persona normal","09/10/2016"
"The Testimony","12/09/2016"
"Amar... Não Tem Preço","28/08/2016"
"Branco Sai, Preto Fica","15/08/2016"
"Marco Polo: Temporada 2: O caçador e o artesão","09/08/2016"
"A outra","02/08/2016"
"The Tudors: Temporada 1: Sua Majestade, o rei","28/07/2016"
"The Tudors: Temporada 1: Wolsey, Wolsey, Wolsey!","26/07/2016"
"The Tudors: Temporada 1: Apenas Henrique","25/07/2016"
"The Tudors: Temporada 1: A sangue frio","25/07/2016"
"O Físico","25/07/2016"
"Vikings: Temporada 3: Quem não volta mais","22/07/2016"
"Vikings: Temporada 3: Momento de decisão","22/07/2016"
"Vikings: Temporada 3: Arrombem os portões!","21/07/2016"
"Vikings: Temporada 3: Paris","21/07/2016"
"Vikings: Temporada 3: Renascimento","20/07/2016"
"Vikings: Temporada 3: O usurpador","20/07/2016"
"Vikings: Temporada 3: Cicatrizes","14/07/2016"
"Tudo sobre minha mãe","13/07/2016"
"Cooked: Minissérie: Fogo","13/07/2016"
"Black Mirror: Temporada 2: Natal","11/07/2016"
"Black Mirror: Temporada 2: Momento Waldo","10/07/2016"
"O Homem Duplicado","10/07/2016"
"What Happened, Miss Simone?","08/07/2016"
"Hércules","02/07/2016"
"Vikings: Temporada 3: O destino de um guerreiro","28/06/2016"
"Vikings: Temporada 3: O andarilho","28/06/2016"
"Black Mirror: Temporada 2: Urso branco","28/06/2016"
"Vikings: Temporada 3: Mercenários","23/06/2016"
"The Musketeers: Temporada 3: Nós somos o forte","20/06/2016"
"The Musketeers: Temporada 3: O prêmio","19/06/2016"
"The Musketeers: Temporada 3: Prisioneiros de guerra","19/06/2016"
"The Musketeers: Temporada 3: Ouro de tolo","19/06/2016"
"The Musketeers: Temporada 3: A morte de um herói","19/06/2016"
"The Musketeers: Temporada 3: Jogos com o rei","19/06/2016"
"Black Mirror: Temporada 1: Toda a sua história","17/06/2016"
"Black Mirror: Temporada 1: Quinze milhões de méritos","15/06/2016"
"Black Mirror: Temporada 1: Hino Nacional","15/06/2016"
"The Musketeers: Temporada 3: Os diamantes da rainha","08/06/2016"
"The Musketeers: Temporada 3: Irmãos de luta","08/06/2016"
"Cidade dos Sonhos","07/06/2016"
"The Musketeers: Temporada 3: A fome","05/06/2016"
"The Musketeers: Temporada 3: Espólios de guerra","05/06/2016"
"She's Beautiful When She's Angry","03/06/2016"
"Vikings: Temporada 2: Prece do Senhor","10/04/2016"
"Vikings: Temporada 2: A escolha","10/04/2016"
"Vikings: Temporada 2: Assim estava escrito","10/04/2016"
"Vikings: Temporada 2: Inveja, cobiça e vingança","10/04/2016"
"Vikings: Temporada 2: Perdoar, jamais","10/04/2016"
"Vikings: Temporada 2: Troco dado em sangue","07/04/2016"
"Vikings: Temporada 2: Olho por olho","06/04/2016"
"Vikings: Temporada 2: Traição","05/04/2016"
"Vikings: Temporada 2: A invasão","05/04/2016"
"Vikings: Temporada 2: Guerra entre irmãos","05/04/2016"
"Vikings: Temporada 1: Quando tudo muda","05/04/2016"
"Vikings: Temporada 1: Sacrifício","04/04/2016"
"Vikings: Temporada 1: O resgate do rei","04/04/2016"
"Vikings: Temporada 1: A cerimônia dos mortos","03/04/2016"
"Vikings: Temporada 1: Ataque de surpresa","03/04/2016"
"Vikings: Temporada 1: O julgamento","03/04/2016"
"Vikings: Temporada 1: Despossuído","03/04/2016"
"Vikings: Temporada 1: A fúria dos homens do Norte","03/04/2016"
"Vikings: Temporada 1: Ritos de passagem","02/04/2016"
"The Musketeers: Temporada 2: Julgamento e castigo","31/03/2016"
"The Musketeers: Temporada 2: Acusada","29/03/2016"
"The Musketeers: Temporada 2: Assuntos de família","29/03/2016"
"The Musketeers: Temporada 2: Casamento inconveniente","29/03/2016"
"The Musketeers: Temporada 2: Eclipse mortal","28/03/2016"
"The Musketeers: Temporada 2: O retorno","28/03/2016"
"The Musketeers: Temporada 2: Emilie","28/03/2016"
"The Musketeers: Temporada 2: O bom traidor","27/03/2016"
"The Musketeers: Temporada 2: Homem do povo","27/03/2016"
"The Musketeers: Temporada 2: Aliança com o inimigo","25/03/2016"
"The Musketeers: Temporada 1: Mosqueteiros não morrem facilmente","24/03/2016"
"The Musketeers: Temporada 1: Protegendo a rainha","08/03/2016"
"The Musketeers: Temporada 1: O desafio","07/03/2016"
"The Musketeers: Temporada 1: Uma mulher rebelde","06/03/2016"
"The Musketeers: Temporada 1: Os exilados","04/03/2016"
"The Musketeers: Temporada 1: O reencontro","26/02/2016"
"The Musketeers: Temporada 1: O bom soldado","25/02/2016"
"The Musketeers: Temporada 1: Mercadorias","24/02/2016"
"The Musketeers: Temporada 1: Ilusionismo","23/02/2016"
"The Musketeers: Temporada 1: Amigos e inimigos","22/02/2016"
"Cosmos: Uma Odisseia do Espaço-Tempo: Temporada 1: De Pé na Via Láctea","21/02/2016"
"Orange Is the New Black: Temporada 1: Eu não estava pronta","21/02/2016"
"Reign: Temporada 1: Serpentes no jardim","19/02/2016"
"Reign: Temporada 1: Piloto","19/02/2016"
"Crossbones: Temporada 1: O Barba Negra","18/02/2016"
"Crossbones: Temporada 1: Piratas","18/02/2016"
"Crossbones: Temporada 1: Mendigo","17/02/2016"
"Crossbones: Temporada 1: Um furo no crânio","15/02/2016"
"Crossbones: Temporada 1: O retorno","15/02/2016"
"Crossbones: Temporada 1: Antoinette","14/02/2016"
"Crossbones: Temporada 1: O homem que matou Barba Negra","14/02/2016"
"Crossbones: Temporada 1: O Pacto","14/02/2016"
"Crossbones: Temporada 1: O domínio do diabo","07/02/2016"
"Lista Negra: Temporada 1: Piloto","07/02/2016"
"Making a Murderer: Parte 1: Dezoito anos perdidos","07/02/2016"
"Marco Polo: Temporada 1: O estudioso","04/02/2016"
"Marco Polo: Temporada 1: Lua branca","04/02/2016"
"De Volta ao Jogo","04/02/2016"
"Marco Polo: One Hundred Eyes","02/02/2016"
"Beasts of No Nation","31/01/2016"
"Marco Polo: Temporada 1: Celeste e primal","31/01/2016"
"Marco Polo: Temporada 1: Prisioneiros","31/01/2016"
"Marco Polo: Temporada 1: A rendição","30/01/2016"
"Marco Polo: Temporada 1: Hashshashin, a ordem dos assassinos","30/01/2016"
"Marco Polo: Temporada 1: O quarto passo","26/01/2016"
"Marco Polo: Temporada 1: Banquete","26/01/2016"
"Marco Polo: Temporada 1: O lobo e o veado","26/01/2016"
"Narcos: Temporada 1: Decolando","21/01/2016"
"Narcos: Temporada 1: La Catedral","21/01/2016"
"Narcos: Temporada 1: La gran mentira","18/01/2016"
"Narcos: Temporada 1: Chorarás lágrimas de sangue","18/01/2016"
"Narcos: Temporada 1: Explosivos","18/01/2016"
"Narcos: Temporada 1: Haverá um futuro","17/01/2016"
"Narcos: Temporada 1: O palácio em chamas","17/01/2016"
"Narcos: Temporada 1: Os homens de sempre","16/01/2016"
"Narcos: Temporada 1: A espada de Simón Bolívar","16/01/2016"
"Narcos: Temporada 1: A chegada","16/01/2016"
"O atentado","15/01/2016"
"Terceira Pessoa","11/01/2016"
